{
  "model": "MLP (256,128) tuned",
  "lr": 0.005,
  "alpha": 0.0001,
  "training_accuracy": 0.9888888888888889,
  "n_iter": 17,
  "loss": 0.0040801606079327885,
  "cv_mean": 0.9741,
  "cv_std": 0.0222,
  "baseline_cv_mean": 0.708,
  "improvement": "+0.266"
}