{
  "source": "/home/etym/numogram/mod_writer/mod_writer/classifier/artifacts/dataset_balanced_900.npz",
  "total_samples": 900,
  "global_centroid_mean": 6923.89501953125,
  "global_centroid_min": 4816.990234375,
  "global_centroid_max": 9682.7099609375,
  "per_zone": {
    "1": {
      "n": 100,
      "centroid_mean": 5487.70263671875,
      "centroid_std": 421.8634338378906,
      "centroid_min": 4816.990234375,
      "centroid_max": 6789.5,
      "bpm_mean": 136.72760009765625,
      "bpm_std": 18.35013771057129,
      "dur_mean": 0.1288333386182785,
      "band_energies": {
        "sub_bass": 0.00505400076508522,
        "bass": 0.00455900002270937,
        "low_mid": 0.02181999944150448,
        "mid": 0.37684395909309387,
        "high_mid": 0.33187997341156006,
        "high": 0.25834500789642334
      }
    },
    "2": {
      "n": 100,
      "centroid_mean": 5988.99072265625,
      "centroid_std": 682.3002319335938,
      "centroid_min": 5026.22998046875,
      "centroid_max": 7425.35009765625,
      "bpm_mean": 125.0,
      "bpm_std": 0.0,
      "dur_mean": 0.1288333386182785,
      "band_energies": {
        "sub_bass": 0.004368999972939491,
        "bass": 0.003657000372186303,
        "low_mid": 0.017847999930381775,
        "mid": 0.4015069901943207,
        "high_mid": 0.3042910099029541,
        "high": 0.2628670334815979
      }
    },
    "3": {
      "n": 100,
      "centroid_mean": 6258.73486328125,
      "centroid_std": 936.4420166015625,
      "centroid_min": 5287.25,
      "centroid_max": 7714.9599609375,
      "bpm_mean": 125.0,
      "bpm_std": 0.0,
      "dur_mean": 0.1288333386182785,
      "band_energies": {
        "sub_bass": 0.0038660001009702682,
        "bass": 0.002621000399813056,
        "low_mid": 0.01427099946886301,
        "mid": 0.43836304545402527,
        "high_mid": 0.2793619930744171,
        "high": 0.2530269920825958
      }
    },
    "4": {
      "n": 100,
      "centroid_mean": 7325.20458984375,
      "centroid_std": 684.0543823242188,
      "centroid_min": 6645.56005859375,
      "centroid_max": 8736.23046875,
      "bpm_mean": 125.0,
      "bpm_std": 0.0,
      "dur_mean": 0.1288333386182785,
      "band_energies": {
        "sub_bass": 0.0036349997390061617,
        "bass": 0.0025049999821931124,
        "low_mid": 0.013044999912381172,
        "mid": 0.427266001701355,
        "high_mid": 0.2647400200366974,
        "high": 0.26815202832221985
      }
    },
    "5": {
      "n": 100,
      "centroid_mean": 8100.95947265625,
      "centroid_std": 275.9851989746094,
      "centroid_min": 7522.27001953125,
      "centroid_max": 9427.5400390625,
      "bpm_mean": 125.0,
      "bpm_std": 0.0,
      "dur_mean": 0.1288333386182785,
      "band_energies": {
        "sub_bass": 0.004058000165969133,
        "bass": 0.002741000382229686,
        "low_mid": 0.014596999622881413,
        "mid": 0.3704339563846588,
        "high_mid": 0.13673201203346252,
        "high": 0.4417800009250641
      }
    },
    "6": {
      "n": 100,
      "centroid_mean": 6384.9912109375,
      "centroid_std": 77.68386840820312,
      "centroid_min": 6156.5400390625,
      "centroid_max": 6599.60009765625,
      "bpm_mean": 125.0,
      "bpm_std": 0.0,
      "dur_mean": 0.1288333386182785,
      "band_energies": {
        "sub_bass": 0.006324999965727329,
        "bass": 0.0035669996868819,
        "low_mid": 0.019019000232219696,
        "mid": 0.05413400009274483,
        "high_mid": 0.6011990904808044,
        "high": 0.30953800678253174
      }
    },
    "7": {
      "n": 100,
      "centroid_mean": 6369.77392578125,
      "centroid_std": 86.18560028076172,
      "centroid_min": 6202.22021484375,
      "centroid_max": 6660.25,
      "bpm_mean": 125.0,
      "bpm_std": 0.0,
      "dur_mean": 0.1288333386182785,
      "band_energies": {
        "sub_bass": 0.006759000010788441,
        "bass": 0.004246999975293875,
        "low_mid": 0.02128000184893608,
        "mid": 0.05857699736952782,
        "high_mid": 0.6308830380439758,
        "high": 0.27456900477409363
      }
    },
    "8": {
      "n": 100,
      "centroid_mean": 7097.134765625,
      "centroid_std": 103.33421325683594,
      "centroid_min": 6818.33984375,
      "centroid_max": 7331.31982421875,
      "bpm_mean": 125.0,
      "bpm_std": 0.0,
      "dur_mean": 0.1288333386182785,
      "band_energies": {
        "sub_bass": 0.0065819998271763325,
        "bass": 0.003982000518590212,
        "low_mid": 0.018561000004410744,
        "mid": 0.05282000079751015,
        "high_mid": 0.6134880185127258,
        "high": 0.2915929853916168
      }
    },
    "9": {
      "n": 100,
      "centroid_mean": 9301.5634765625,
      "centroid_std": 157.4664306640625,
      "centroid_min": 8926.3603515625,
      "centroid_max": 9682.7099609375,
      "bpm_mean": 125.0,
      "bpm_std": 0.0,
      "dur_mean": 0.1288333386182785,
      "band_energies": {
        "sub_bass": 0.005661000497639179,
        "bass": 0.002822000067681074,
        "low_mid": 0.013455000706017017,
        "mid": 0.039834000170230865,
        "high_mid": 0.5857360363006592,
        "high": 0.3286379873752594
      }
    }
  }
}