{
  "metric": [
    "centroid",
    "flatness",
    "rms"
  ],
  "tau_pure": [
    -0.611111111111111,
    0.9444444444444445,
    -1.0
  ],
  "tau_seed": [
    0.5,
    -0.4444444444444444,
    -0.2777777777777778
  ]
}