{
  "1": {
    "seed": {
      "centroid": 339.291437563477,
      "flatness": 0.9636000990867615,
      "bandwidth": 235.44896313813535,
      "rolloff": 619.4245703707154,
      "rms": 0.08261692523956299,
      "peak": 1.0,
      "zcr": 0.00698490533977747
    },
    "pure": {
      "centroid": 1797.775844941575,
      "flatness": 0.7876484394073486,
      "bandwidth": 1258.6186484971295,
      "rolloff": 3250.1337497671384,
      "rms": 0.2097391039133072,
      "peak": 1.0,
      "zcr": 0.03798488527536392
    }
  },
  "2": {
    "seed": {
      "centroid": 665.7962972630435,
      "flatness": 0.9333646297454834,
      "bandwidth": 457.03191064970275,
      "rolloff": 1214.2030900707898,
      "rms": 0.09122498333454132,
      "peak": 1.0,
      "zcr": 0.010062752291560173
    },
    "pure": {
      "centroid": 1958.1185223478408,
      "flatness": 0.8044402003288269,
      "bandwidth": 1336.2155942531347,
      "rolloff": 3560.519950400522,
      "rms": 0.17838488519191742,
      "peak": 1.0,
      "zcr": 0.0386931374669075
    }
  },
  "3": {
    "seed": {
      "centroid": 1244.6535190223294,
      "flatness": 0.8953090906143188,
      "bandwidth": 825.4923786845183,
      "rolloff": 2271.801066505216,
      "rms": 0.12697169184684753,
      "peak": 1.0,
      "zcr": 0.023502100259065628
    },
    "pure": {
      "centroid": 2027.6910172293904,
      "flatness": 0.8183968663215637,
      "bandwidth": 1380.74336767164,
      "rolloff": 3728.100258476155,
      "rms": 0.16727539896965027,
      "peak": 1.0,
      "zcr": 0.03802277520298958
    }
  },
  "4": {
    "seed": {
      "centroid": 1213.200366577135,
      "flatness": 0.9072684049606323,
      "bandwidth": 771.7468596484548,
      "rolloff": 2156.0801567157228,
      "rms": 0.12208046019077301,
      "peak": 1.0,
      "zcr": 0.02235373668372631
    },
    "pure": {
      "centroid": 1981.8321118393349,
      "flatness": 0.8446473479270935,
      "bandwidth": 1307.4364897508908,
      "rolloff": 3604.581184216654,
      "rms": 0.15355254709720612,
      "peak": 1.0,
      "zcr": 0.036527570337057114
    }
  },
  "5": {
    "seed": {
      "centroid": 1676.628825581974,
      "flatness": 0.8617161512374878,
      "bandwidth": 1085.3883517511906,
      "rolloff": 2989.6172922876303,
      "rms": 0.1206723004579544,
      "peak": 1.0,
      "zcr": 0.023566221818327904
    },
    "pure": {
      "centroid": 1905.870332091859,
      "flatness": 0.8569119572639465,
      "bandwidth": 1218.191316814008,
      "rolloff": 3384.8526569485844,
      "rms": 0.1332867592573166,
      "peak": 1.0,
      "zcr": 0.033356454223394394
    }
  },
  "6": {
    "seed": {
      "centroid": 1507.8450173126091,
      "flatness": 0.8561968207359314,
      "bandwidth": 1017.7383246709219,
      "rolloff": 2658.24343913003,
      "rms": 0.1061064600944519,
      "peak": 1.0,
      "zcr": 0.0226218830794096
    },
    "pure": {
      "centroid": 1470.8081657516461,
      "flatness": 0.8562946915626526,
      "bandwidth": 963.0939297171128,
      "rolloff": 2553.4656325679957,
      "rms": 0.14236398041248322,
      "peak": 1.0,
      "zcr": 0.02282882109284401
    }
  },
  "7": {
    "seed": {
      "centroid": 1438.7755363755284,
      "flatness": 0.8625433444976807,
      "bandwidth": 966.6692300464297,
      "rolloff": 2546.1167450633384,
      "rms": 0.11177867650985718,
      "peak": 1.0,
      "zcr": 0.02113833650946617
    },
    "pure": {
      "centroid": 1413.40160935249,
      "flatness": 0.8637439608573914,
      "bandwidth": 951.7878161356639,
      "rolloff": 2480.3297608513412,
      "rms": 0.12433583289384842,
      "peak": 1.0,
      "zcr": 0.021945688873529434
    }
  },
  "8": {
    "seed": {
      "centroid": 1501.1027199637301,
      "flatness": 0.8640826344490051,
      "bandwidth": 958.7547110357754,
      "rolloff": 2669.860457805514,
      "rms": 0.12172964215278625,
      "peak": 1.0,
      "zcr": 0.023875173181295395
    },
    "pure": {
      "centroid": 1458.356933513608,
      "flatness": 0.8742321133613586,
      "bandwidth": 930.7400024803402,
      "rolloff": 2551.8931631892697,
      "rms": 0.12515801191329956,
      "peak": 1.0,
      "zcr": 0.02105381339788437
    }
  },
  "9": {
    "seed": {
      "centroid": 1450.7936015269638,
      "flatness": 0.8858269453048706,
      "bandwidth": 871.1023037791873,
      "rolloff": 2650.8624604135616,
      "rms": 0.1084572970867157,
      "peak": 1.0,
      "zcr": 0.0213277880102396
    },
    "pure": {
      "centroid": 1399.926464555832,
      "flatness": 0.8933302164077759,
      "bandwidth": 839.6701735879458,
      "rolloff": 2532.927257009128,
      "rms": 0.09657149761915207,
      "peak": 1.0,
      "zcr": 0.0190893542021513
    }
  }
}