{
  "centroid": {
    "1": {
      "pure_centroid": 1797.7758456322072,
      "pure_flatness": 0.7876484394073486,
      "pure_rms": 0.068903848528862,
      "seed_centroid": 339.29143661198674,
      "seed_flatness": 0.9636000990867615,
      "seed_rms": 0.02841469645500183
    },
    "2": {
      "pure_centroid": 1958.118523215952,
      "pure_flatness": 0.8044402003288269,
      "pure_rms": 0.06445547938346863,
      "seed_centroid": 665.7962981225418,
      "seed_flatness": 0.9333646297454834,
      "seed_rms": 0.03264199569821358
    },
    "3": {
      "pure_centroid": 2027.6910135821004,
      "pure_flatness": 0.8183968663215637,
      "pure_rms": 0.060668472200632095,
      "seed_centroid": 1244.6535189674607,
      "seed_flatness": 0.8953090906143188,
      "seed_rms": 0.04655654355883598
    },
    "4": {
      "pure_centroid": 1981.8321131490286,
      "pure_flatness": 0.8446473479270935,
      "pure_rms": 0.05450112372636795,
      "seed_centroid": 1213.2003644744723,
      "seed_flatness": 0.9072684049606323,
      "seed_rms": 0.04254262521862984
    },
    "5": {
      "pure_centroid": 1905.8703310558826,
      "pure_flatness": 0.8569119572639465,
      "pure_rms": 0.05058657377958298,
      "seed_centroid": 1676.6288236249995,
      "seed_flatness": 0.8617161512374878,
      "seed_rms": 0.04406999051570892
    },
    "6": {
      "pure_centroid": 1470.8081631160032,
      "pure_flatness": 0.8562946915626526,
      "pure_rms": 0.03658808022737503,
      "seed_centroid": 1507.8450162555064,
      "seed_flatness": 0.8561968207359314,
      "seed_rms": 0.03698248043656349
    },
    "7": {
      "pure_centroid": 1413.4016098711609,
      "pure_flatness": 0.8637439608573914,
      "pure_rms": 0.03274591639637947,
      "seed_centroid": 1438.775538537725,
      "seed_flatness": 0.8625433444976807,
      "seed_rms": 0.03288751840591431
    },
    "8": {
      "pure_centroid": 1458.3569339094834,
      "pure_flatness": 0.8742321729660034,
      "pure_rms": 0.030926648527383804,
      "seed_centroid": 1501.1027195296665,
      "seed_flatness": 0.8640826344490051,
      "seed_rms": 0.030959926545619965
    },
    "9": {
      "pure_centroid": 1399.926467050824,
      "pure_flatness": 0.8933302164077759,
      "pure_rms": 0.026270702481269836,
      "seed_centroid": 1450.7936028242232,
      "seed_flatness": 0.8858269453048706,
      "seed_rms": 0.026737000793218613
    }
  },
  "tau": {
    "pure_centroid": -0.611111111111111,
    "seed_centroid": 0.5,
    "pure_flatness": 0.9444444444444445,
    "seed_flatness": -0.4444444444444444
  }
}